Rank,Name,Platform,Year,Genre,Publisher,NA_Sales,EU_Sales,JP_Sales,Other_Sales,Global_Sales,Sales_category
1,Wii Sports,Wii,2006,Sports,Nintendo,41.49,29.02,3.77,8.46,82.74,Existo de ventas
2,Super Mario Bros.,NES,1985,Platform,Nintendo,29.08,3.58,6.81,0.77,40.24,Existo de ventas
3,Mario Kart Wii,Wii,2008,Racing,Nintendo,15.85,12.88,3.79,3.31,35.82,Existo de ventas
4,Wii Sports Resort,Wii,2009,Sports,Nintendo,15.75,11.01,3.28,2.96,33.0,Existo de ventas
5,Pokemon Red/Pokemon Blue,GB,1996,Role-Playing,Nintendo,11.27,8.89,10.22,1.0,31.37,Existo de ventas
6,Tetris,GB,1989,Puzzle,Nintendo,23.2,2.26,4.22,0.58,30.26,Existo de ventas
7,New Super Mario Bros.,DS,2006,Platform,Nintendo,11.38,9.23,6.5,2.9,30.01,Existo de ventas
8,Wii Play,Wii,2006,Misc,Nintendo,14.03,9.2,2.93,2.85,29.02,Existo de ventas
9,New Super Mario Bros. Wii,Wii,2009,Platform,Nintendo,14.59,7.06,4.7,2.26,28.62,Existo de ventas
10,Duck Hunt,NES,1984,Shooter,Nintendo,26.93,0.63,0.28,0.47,28.31,Existo de ventas
11,Nintendogs,DS,2005,Simulation,Nintendo,9.07,11.0,1.93,2.75,24.76,Existo de ventas
12,Mario Kart DS,DS,2005,Racing,Nintendo,9.81,7.57,4.13,1.92,23.42,Existo de ventas
13,Pokemon Gold/Pokemon Silver,GB,1999,Role-Playing,Nintendo,9.0,6.18,7.2,0.71,23.1,Existo de ventas
14,Wii Fit,Wii,2007,Sports,Nintendo,8.94,8.03,3.6,2.15,22.72,Existo de ventas
15,Wii Fit Plus,Wii,2009,Sports,Nintendo,9.09,8.59,2.53,1.79,22.0,Existo de ventas
19,Super Mario World,SNES,1990,Platform,Nintendo,12.78,3.75,3.54,0.55,20.61,Existo de ventas
20,Brain Age: Train Your Brain in Minutes a Day,DS,2005,Misc,Nintendo,4.75,9.26,4.16,2.05,20.22,Existo de ventas
21,Pokemon Diamond/Pokemon Pearl,DS,2006,Role-Playing,Nintendo,6.42,4.52,6.04,1.37,18.36,Existo de ventas
22,Super Mario Land,GB,1989,Platform,Nintendo,10.83,2.71,4.18,0.42,18.14,Existo de ventas
23,Super Mario Bros. 3,NES,1988,Platform,Nintendo,9.54,3.44,3.84,0.46,17.28,Existo de ventas
26,Pokemon Ruby/Pokemon Sapphire,GBA,2002,Role-Playing,Nintendo,6.06,3.9,5.38,0.5,15.85,Existo de ventas
27,Pokemon Black/Pokemon White,DS,2010,Role-Playing,Nintendo,5.57,3.28,5.65,0.82,15.32,Existo de ventas
28,Brain Age 2: More Training in Minutes a Day,DS,2005,Puzzle,Nintendo,3.44,5.36,5.32,1.18,15.3,Existo de ventas
31,Pokémon Yellow: Special Pikachu Edition,GB,1998,Role-Playing,Nintendo,5.89,5.04,3.12,0.59,14.64,Existo de ventas
33,Pokemon X/Pokemon Y,3DS,2013,Role-Playing,Nintendo,5.17,4.05,4.34,0.79,14.35,Existo de ventas
40,Super Smash Bros. Brawl,Wii,2008,Fighting,Nintendo,6.75,2.61,2.66,1.02,13.04,Existo de ventas
42,Animal Crossing: Wild World,DS,2005,Simulation,Nintendo,2.55,3.52,5.33,0.88,12.27,Existo de ventas
43,Mario Kart 7,3DS,2011,Racing,Nintendo,4.74,3.91,2.67,0.89,12.21,Existo de ventas
46,Pokemon HeartGold/Pokemon SoulSilver,DS,2009,Action,Nintendo,4.4,2.77,3.96,0.77,11.9,Existo de ventas
47,Super Mario 64,N64,1996,Platform,Nintendo,6.91,2.85,1.91,0.23,11.89,Existo de ventas
49,Super Mario Galaxy,Wii,2007,Platform,Nintendo,6.16,3.4,1.2,0.76,11.52,Existo de ventas
50,Pokemon Omega Ruby/Pokemon Alpha Sapphire,3DS,2014,Role-Playing,Nintendo,4.23,3.37,3.08,0.65,11.33,Existo de ventas
51,Super Mario Land 2: 6 Golden Coins,GB,1992,Adventure,Nintendo,6.16,2.04,2.69,0.29,11.18,Existo de ventas
54,Super Mario 3D Land,3DS,2011,Platform,Nintendo,4.89,2.99,2.13,0.78,10.79,Existo de ventas
58,Super Mario All-Stars,SNES,1993,Platform,Nintendo,5.99,2.15,2.12,0.29,10.55,Existo de ventas
59,Pokemon FireRed/Pokemon LeafGreen,GBA,2004,Role-Playing,Nintendo,4.34,2.65,3.15,0.35,10.49,Existo de ventas
60,Super Mario 64,DS,2004,Platform,Nintendo,5.08,3.11,1.25,0.98,10.42,Existo de ventas
64,Mario Kart 64,N64,1996,Racing,Nintendo,5.55,1.94,2.23,0.15,9.87,Existo de ventas
65,New Super Mario Bros. 2,3DS,2012,Platform,Nintendo,3.66,3.07,2.47,0.63,9.82,Existo de ventas
72,Donkey Kong Country,SNES,1994,Platform,Nintendo,4.36,1.71,3.0,0.23,9.3,Existo de ventas
74,Animal Crossing: New Leaf,3DS,2012,Simulation,Nintendo,2.01,2.32,4.36,0.41,9.09,Existo de ventas
75,Mario Party DS,DS,2007,Misc,Nintendo,4.46,1.88,1.98,0.7,9.02,Existo de ventas
77,Super Mario Kart,SNES,1992,Racing,Nintendo,3.54,1.24,3.81,0.18,8.76,Existo de ventas
79,Wii Party,Wii,2010,Misc,Nintendo,1.79,3.53,2.49,0.68,8.49,Existo de ventas
81,Mario Party 8,Wii,2007,Misc,Nintendo,3.81,2.3,1.58,0.73,8.42,Existo de ventas
82,Pokemon Black 2/Pokemon White 2,DS,2012,Role-Playing,Nintendo,2.91,1.86,3.14,0.43,8.33,Existo de ventas
85,GoldenEye 007,N64,1997,Shooter,Nintendo,5.8,2.01,0.13,0.15,8.09,Existo de ventas
89,Pokémon Platinum Version,DS,2008,Role-Playing,Nintendo,2.82,1.78,2.69,0.55,7.84,Existo de ventas
92,Super Mario Galaxy 2,Wii,2010,Platform,Nintendo,3.66,2.42,0.98,0.64,7.69,Existo de ventas
95,The Legend of Zelda: Ocarina of Time,N64,1998,Action,Nintendo,4.1,1.89,1.45,0.16,7.6,Existo de ventas
97,Super Mario Bros. 2,NES,1988,Platform,Nintendo,5.39,1.18,0.7,0.19,7.46,Existo de ventas
98,Super Smash Bros. for Wii U and 3DS,3DS,2014,Fighting,Nintendo,3.24,1.35,2.42,0.43,7.45,Existo de ventas
101,The Legend of Zelda: Twilight Princess,Wii,2006,Action,Nintendo,3.83,2.19,0.6,0.7,7.31,Existo de ventas
108,Super Smash Bros. Melee,GC,2001,Fighting,Nintendo,4.41,1.04,1.39,0.22,7.07,Existo de ventas
109,Mario Kart 8,WiiU,2014,Racing,Nintendo,3.13,2.07,1.27,0.49,6.96,Existo de ventas
111,Mario Kart: Double Dash!!,GC,2003,Racing,Nintendo,4.12,1.77,0.87,0.19,6.95,Existo de ventas
123,Big Brain Academy,DS,2005,Misc,Nintendo,1.67,2.78,1.6,0.62,6.67,Existo de ventas
126,Donkey Kong Country Returns,Wii,2010,Platform,Nintendo,3.25,1.84,1.03,0.47,6.59,Existo de ventas
128,The Legend of Zelda,NES,1986,Action,Nintendo,3.74,0.93,1.69,0.14,6.51,Existo de ventas
131,Pokémon Emerald Version,GBA,2004,Role-Playing,Nintendo,2.57,1.58,2.06,0.21,6.41,Existo de ventas
133,Pokémon Crystal Version,GB,2000,Role-Playing,Nintendo,2.55,1.56,1.29,0.99,6.39,Existo de ventas
136,Super Mario Sunshine,GC,2002,Platform,Nintendo,4.01,1.26,0.87,0.17,6.31,Existo de ventas
150,Dragon Quest IX: Sentinels of the Starry Skies,DS,2009,Role-Playing,Nintendo,0.66,0.69,4.35,0.15,5.84,Existo de ventas
156,Tetris,NES,1988,Puzzle,Nintendo,2.97,0.69,1.81,0.11,5.58,Existo de ventas
158,Super Smash Bros.,N64,1999,Fighting,Nintendo,2.95,0.6,1.97,0.04,5.55,Existo de ventas
163,Super Mario Advance,GBA,2001,Platform,Nintendo,3.14,1.24,0.91,0.2,5.49,Existo de ventas
164,Mario Kart: Super Circuit,GBA,2001,Racing,Nintendo,2.62,1.64,0.99,0.23,5.47,Existo de ventas
165,Super Mario World,GBA,2001,Platform,Nintendo,3.21,1.11,0.95,0.2,5.46,Existo de ventas
166,Pokemon Stadium,N64,1999,Strategy,Nintendo,3.18,1.24,0.94,0.09,5.45,Existo de ventas
171,Dr. Mario,GB,1989,Puzzle,Nintendo,2.18,0.96,2.0,0.2,5.34,Existo de ventas
172,Pokemon Pinball,GB,1999,Misc,Nintendo,3.02,1.12,1.01,0.16,5.31,Existo de ventas
176,Donkey Kong 64,N64,1999,Platform,Nintendo,3.33,0.79,1.09,0.06,5.27,Existo de ventas
178,Professor Layton and the Curious Village,DS,2007,Puzzle,Nintendo,1.22,2.48,1.03,0.52,5.26,Existo de ventas
183,Super Mario Bros. 3,GBA,2003,Platform,Nintendo,2.93,1.25,0.83,0.2,5.2,Existo de ventas
184,New Super Mario Bros. U,WiiU,2012,Platform,Nintendo,2.32,1.3,1.27,0.31,5.19,Existo de ventas
185,Super Mario Land 3: Wario Land,GB,1994,Platform,Nintendo,2.49,0.98,1.57,0.15,5.19,Existo de ventas
187,The Legend of Zelda: Phantom Hourglass,DS,2007,Action,Nintendo,1.9,1.83,0.95,0.49,5.17,Existo de ventas
188,Donkey Kong Country 2: Diddy's Kong Quest,SNES,1995,Platform,Nintendo,2.1,0.74,2.2,0.11,5.15,Existo de ventas
189,Tomodachi Life,3DS,2013,Simulation,Nintendo,0.96,2.02,1.89,0.28,5.15,Existo de ventas
192,Kirby's Dream Land,GB,1992,Platform,Nintendo,2.71,0.61,1.7,0.11,5.13,Existo de ventas
201,Super Mario Bros.,GB,1999,Platform,Nintendo,3.4,1.3,0.15,0.22,5.07,Existo de ventas
204,Super Smash Bros. for Wii U and 3DS,WiiU,2014,Fighting,Nintendo,2.59,1.06,0.8,0.57,5.02,Existo de ventas
207,Link's Crossbow Training,Wii,2007,Shooter,Nintendo,3.06,1.18,0.29,0.46,5.0,Existo de ventas
210,Pokemon Mystery Dungeon: Explorers of Time/Explorers of Darkness,DS,2007,Role-Playing,Nintendo,1.85,1.2,1.54,0.37,4.96,Existo de ventas
214,Diddy Kong Racing,N64,1997,Racing,Nintendo,2.91,0.99,0.89,0.1,4.88,Existo de ventas
216,Dr. Mario,NES,1990,Puzzle,Nintendo,2.62,0.6,1.52,0.1,4.85,Existo de ventas
227,Animal Crossing: City Folk,Wii,2008,Simulation,Nintendo,1.87,1.12,1.32,0.37,4.68,Existo de ventas
232,The Legend of Zelda: A Link to the Past,SNES,1991,Action,Nintendo,2.42,0.91,1.15,0.13,4.61,Existo de ventas
233,The Legend of Zelda: The Wind Waker,GC,2002,Action,Nintendo,2.6,0.99,0.89,0.13,4.6,Existo de ventas
235,Luigi's Mansion: Dark Moon,3DS,2013,Action,Nintendo,1.78,1.39,1.1,0.3,4.58,Existo de ventas
236,Splatoon,WiiU,2015,Shooter,Nintendo,1.55,1.15,1.44,0.43,4.57,Existo de ventas
247,Nintendo Land,WiiU,2012,Misc,Nintendo,2.55,1.11,0.46,0.33,4.44,Existo de ventas
252,Zelda II: The Adventure of Link,NES,1987,Adventure,Nintendo,2.19,0.5,1.61,0.08,4.38,Existo de ventas
262,Super Mario 3D World,WiiU,2013,Platform,Nintendo,2.11,1.11,0.72,0.3,4.25,Existo de ventas
269,The Legend of Zelda: Ocarina of Time,3DS,2011,Action,Nintendo,2.03,1.27,0.62,0.3,4.21,Existo de ventas
278,Excitebike,NES,1984,Racing,Nintendo,2.04,0.48,1.57,0.07,4.16,Existo de ventas
283,Super Mario World 2: Yoshi's Island,SNES,1995,Platform,Nintendo,1.65,0.61,1.76,0.09,4.12,Existo de ventas
285,The Legend of Zelda: Skyward Sword,Wii,2011,Action,Nintendo,2.14,1.2,0.37,0.4,4.1,Existo de ventas
297,Star Fox 64,N64,1997,Shooter,Nintendo,2.78,0.58,0.64,0.04,4.03,Existo de ventas
299,Golf,NES,1984,Sports,Nintendo,1.22,0.28,2.46,0.04,4.01,Existo de ventas
301,Professor Layton and the Diabolical Box,DS,2007,Puzzle,Nintendo,0.92,1.78,0.92,0.37,4.0,Existo de ventas
306,Donkey Kong Land,GB,1994,Platform,Nintendo,1.97,0.76,1.07,0.11,3.91,Existo de ventas
309,Monster Hunter 4 Ultimate,3DS,2014,Role-Playing,Nintendo,0.67,0.49,2.62,0.11,3.89,Existo de ventas
317,Flash Focus: Vision Training in Minutes a Day,DS,2007,Misc,Nintendo,0.87,1.57,1.05,0.35,3.84,Existo de ventas
319,The Legend of Zelda: Link's Awakening,GB,1992,Action,Nintendo,2.21,0.96,0.54,0.13,3.83,Existo de ventas
320,Mario & Luigi: Bowser's Inside Story,DS,2009,Role-Playing,Nintendo,2.26,0.48,0.81,0.27,3.83,Existo de ventas
321,Big Brain Academy: Wii Degree,Wii,2007,Misc,Nintendo,1.06,1.93,0.41,0.43,3.82,Existo de ventas
322,Nintendogs + cats,3DS,2011,Simulation,Nintendo,1.44,1.37,0.73,0.27,3.81,Existo de ventas
330,Super Paper Mario,Wii,2007,Platform,Nintendo,1.98,0.88,0.59,0.32,3.76,Existo de ventas
336,Pokémon Trading Card Game,GB,1998,Strategy,Nintendo,1.49,0.73,1.38,0.1,3.7,Existo de ventas
339,Friend Collection,DS,2009,Misc,Nintendo,0.0,0.0,3.67,0.0,3.67,Existo de ventas
342,Banjo-Kazooie,N64,1998,Platform,Nintendo,1.87,1.13,0.55,0.1,3.65,Existo de ventas
347,Pokemon Snap,N64,1999,Simulation,Nintendo,2.23,0.68,0.66,0.06,3.63,Existo de ventas
357,Luigi's Mansion,GC,2001,Action,Nintendo,2.38,0.67,0.46,0.1,3.6,Existo de ventas
373,Donkey Kong Country 3: Dixie Kong's Double Trouble!,SNES,1996,Platform,Nintendo,1.17,0.5,1.75,0.08,3.51,Existo de ventas
375,Kung Fu,NES,1985,Action,Nintendo,1.64,0.38,1.42,0.06,3.5,Existo de ventas
377,Clubhouse Games,DS,2006,Misc,Nintendo,0.59,1.83,0.73,0.35,3.5,Existo de ventas
392,F-1 Race,GB,1990,Racing,Nintendo,1.73,0.69,0.59,0.4,3.41,Existo de ventas
397,The Legend of Zelda: Spirit Tracks,DS,2009,Action,Nintendo,1.43,0.94,0.74,0.27,3.38,Existo de ventas
399,The Legend of Zelda: Majora's Mask,N64,2000,Action,Nintendo,1.9,0.67,0.73,0.06,3.36,Existo de ventas
400,Professor Layton and the Unwound Future,DS,2008,Puzzle,Nintendo,0.65,1.61,0.82,0.28,3.36,Existo de ventas
403,English Training: Have Fun Improving Your Skills!,DS,2006,Misc,Nintendo,0.0,0.99,2.32,0.02,3.33,Existo de ventas
406,Mario Party 9,Wii,2012,Misc,Nintendo,1.15,1.17,0.76,0.24,3.32,Existo de ventas
413,Wii Music,Wii,2008,Misc,Nintendo,1.36,1.13,0.46,0.32,3.27,Existo de ventas
420,Yokai Watch 2 Ganso/Honke,3DS,2014,Role-Playing,Nintendo,0.03,0.0,3.18,0.0,3.22,Existo de ventas
422,Baseball,NES,1983,Sports,Nintendo,0.73,0.1,2.35,0.02,3.2,Existo de ventas
423,Killer Instinct,SNES,1995,Fighting,Nintendo,2.26,0.72,0.12,0.1,3.2,Existo de ventas
430,Super Mario Maker,WiiU,2015,Platform,Nintendo,1.18,0.87,0.93,0.2,3.18,Existo de ventas
433,Rhythm Heaven,DS,2008,Misc,Nintendo,0.58,0.51,1.93,0.14,3.17,Existo de ventas
436,Animal Crossing,GC,2001,Simulation,Nintendo,1.92,0.16,0.99,0.09,3.15,Existo de ventas
444,Star Wars Episode I Racer,N64,1999,Racing,Nintendo,2.31,0.62,0.14,0.04,3.12,Existo de ventas
445,Personal Trainer: Cooking,DS,2006,Misc,Nintendo,0.91,1.0,1.03,0.17,3.12,Existo de ventas
455,The Legend of Zelda: A Link Between Worlds,3DS,2013,Action,Nintendo,1.4,0.99,0.46,0.22,3.07,Existo de ventas
456,Donkey Kong,GB,1994,Platform,Nintendo,1.57,0.62,0.55,0.34,3.07,Existo de ventas
466,Mike Tyson's Punch-Out!!,NES,1987,Fighting,Nintendo,2.03,0.47,0.45,0.07,3.02,Existo de ventas
473,Star Fox,SNES,1993,Shooter,Nintendo,1.61,0.51,0.8,0.07,2.99,Existo de ventas
477,Animal Crossing: Happy Home Designer,3DS,2015,Simulation,Nintendo,0.47,1.0,1.39,0.12,2.98,Existo de ventas
482,Kirby Super Star Ultra,DS,2008,Platform,Nintendo,1.57,0.04,1.19,0.15,2.96,Existo de ventas
485,Wave Race 64,N64,1996,Racing,Nintendo,1.98,0.58,0.34,0.04,2.94,Existo de ventas
491,WarioWare: Smooth Moves,Wii,2006,Puzzle,Nintendo,0.87,1.06,0.73,0.26,2.92,Existo de ventas
493,Super Mario World 2: Yoshi's Island,GBA,2002,Platform,Nintendo,1.75,0.45,0.62,0.09,2.91,Existo de ventas
510,F-Zero,SNES,1990,Racing,Nintendo,1.37,0.51,0.89,0.07,2.85,Existo de ventas
511,Yoshi's Story,N64,1997,Platform,Nintendo,1.29,0.53,0.98,0.05,2.85,Existo de ventas
520,Metroid Prime,GC,2002,Shooter,Nintendo,1.96,0.67,0.1,0.09,2.82,Existo de ventas
527,Yoshi's Island DS,DS,2006,Platform,Nintendo,1.47,0.07,1.1,0.15,2.8,Existo de ventas
536,Professor Layton and the Last Specter,DS,2009,Puzzle,Nintendo,0.3,1.47,0.68,0.34,2.79,Existo de ventas
537,Monster Hunter Tri,3DS,2011,Role-Playing,Nintendo,0.46,0.29,1.96,0.07,2.79,Existo de ventas
546,Mario Paint,SNES,1992,Misc,Nintendo,1.43,0.54,0.71,0.07,2.75,Existo de ventas
548,Pokémon Stadium 2,N64,2000,Strategy,Nintendo,1.02,0.36,1.13,0.23,2.73,Existo de ventas
549,Metroid,NES,1986,Action,Nintendo,1.33,0.31,1.04,0.05,2.73,Existo de ventas
552,The Legend of Zelda: A Link to the Past,GBA,2002,Action,Nintendo,1.75,0.52,0.33,0.1,2.7,Existo de ventas
555,Mario Party,N64,1998,Misc,Nintendo,1.25,0.53,0.87,0.05,2.7,Existo de ventas
559,Mario vs. Donkey Kong: Mini-Land Mayhem!,DS,2010,Puzzle,Nintendo,1.63,0.52,0.35,0.18,2.69,Existo de ventas
574,Super Mario Bros.: The Lost Levels,NES,1986,Platform,Nintendo,0.0,0.0,2.65,0.0,2.65,Existo de ventas
575,Star Wars: Shadows of the Empire,N64,1996,Action,Nintendo,2.0,0.5,0.12,0.03,2.65,Existo de ventas
582,Mario Strikers Charged,Wii,2007,Sports,Nintendo,1.07,1.06,0.24,0.25,2.62,Existo de ventas
586,Style Savvy,DS,2008,Simulation,Nintendo,0.63,0.84,0.96,0.19,2.61,Existo de ventas
588,Super Mario All-Stars: Limited Edition,Wii,2010,Platform,Nintendo,1.02,0.52,0.92,0.14,2.6,Existo de ventas
599,Art Academy,DS,2010,Misc,Nintendo,0.28,1.68,0.33,0.28,2.57,Existo de ventas
605,Pokémon Colosseum,GC,2003,Role-Playing,Nintendo,1.21,0.57,0.7,0.07,2.54,Existo de ventas
610,Perfect Dark,N64,2000,Action,Nintendo,1.55,0.75,0.16,0.06,2.52,Existo de ventas
616,Mario Party 2,N64,1999,Misc,Nintendo,1.28,0.14,1.08,0.01,2.5,Existo de ventas
627,Mario Party 4,GC,2002,Misc,Nintendo,1.13,0.36,0.92,0.07,2.47,Existo de ventas
639,Ice Hockey,NES,1988,Sports,Nintendo,1.27,0.32,0.78,0.05,2.42,Existo de ventas
648,Pro Wrestling,NES,1987,Fighting,Nintendo,0.77,0.18,1.42,0.03,2.4,Existo de ventas
672,Kirby's Dream Land 2,GB,1995,Platform,Nintendo,0.69,0.14,1.48,0.05,2.36,Existo de ventas
674,Donkey Kong Land II,GB,1996,Platform,Nintendo,1.39,0.48,0.4,0.08,2.35,Existo de ventas
682,The Legend of Zelda: Majora's Mask 3D,3DS,2015,Action,Nintendo,1.14,0.54,0.47,0.17,2.32,Existo de ventas
685,Mario Tennis,N64,2000,Sports,Nintendo,0.78,0.4,1.06,0.07,2.32,Existo de ventas
688,WarioWare Touched!,DS,2004,Puzzle,Nintendo,0.52,0.45,1.21,0.13,2.31,Existo de ventas
694,Pokemon Ranger: Shadows of Almia,DS,2008,Role-Playing,Nintendo,0.95,0.54,0.62,0.18,2.3,Existo de ventas
702,Mario Bros.,NES,1983,Platform,Nintendo,0.51,0.12,1.63,0.02,2.28,Existo de ventas
707,Paper Mario: Sticker Star,3DS,2012,Role-Playing,Nintendo,1.12,0.39,0.64,0.12,2.27,Existo de ventas
710,Kirby: Nightmare in Dream Land,GBA,2002,Platform,Nintendo,1.22,0.1,0.91,0.04,2.27,Existo de ventas
711,Wario Land 4,GBA,2001,Platform,Nintendo,0.9,0.73,0.54,0.09,2.26,Existo de ventas
718,Paper Mario: The Thousand-Year Door,GC,2004,Role-Playing,Nintendo,1.48,0.25,0.46,0.06,2.25,Existo de ventas
720,Monster Hunter Tri,Wii,2009,Role-Playing,Nintendo,0.67,0.41,1.05,0.11,2.25,Existo de ventas
727,New Super Luigi U,WiiU,2013,Platform,Nintendo,1.27,0.62,0.18,0.16,2.22,Existo de ventas
730,The Legend of Zelda: Link's Awakening DX,GB,1998,Adventure,Nintendo,1.0,0.63,0.45,0.13,2.22,Existo de ventas
738,Wario Land 3,GB,2000,Platform,Nintendo,1.11,0.51,0.34,0.23,2.2,Existo de ventas
745,Kirby's Pinball Land,GB,1992,Misc,Nintendo,0.87,0.17,1.1,0.05,2.19,Existo de ventas
746,Donkey Kong Country,GB,2000,Platform,Nintendo,1.04,0.72,0.3,0.13,2.19,Existo de ventas
752,Pokemon Ranger,DS,2006,Role-Playing,Nintendo,1.29,0.04,0.73,0.12,2.18,Existo de ventas
753,Mario & Luigi: Superstar Saga,GBA,2003,Role-Playing,Nintendo,1.48,0.17,0.47,0.06,2.17,Existo de ventas
755,Star Wars: Rogue Squadron,N64,1998,Simulation,Nintendo,1.6,0.46,0.08,0.03,2.17,Existo de ventas
756,Tennis,NES,1984,Sports,Nintendo,0.48,0.11,1.56,0.02,2.17,Existo de ventas
761,Volleyball,NES,1987,Sports,Nintendo,0.14,0.03,1.98,0.0,2.15,Existo de ventas
764,Super Mario RPG: Legend of the Seven Stars,SNES,1996,Role-Playing,Nintendo,0.66,0.0,1.45,0.03,2.14,Existo de ventas
765,Mahjong,NES,1983,Misc,Nintendo,0.01,0.0,2.13,0.0,2.14,Existo de ventas
766,R.C. Pro-Am,NES,1988,Racing,Nintendo,1.47,0.38,0.19,0.1,2.14,Existo de ventas
770,Tetris DS,DS,2006,Puzzle,Nintendo,0.64,0.07,1.35,0.08,2.13,Existo de ventas
775,Kirby's Epic Yarn,Wii,2010,Platform,Nintendo,1.47,0.09,0.45,0.11,2.12,Existo de ventas
777,Golf,GB,1989,Sports,Nintendo,0.83,0.33,0.92,0.04,2.12,Existo de ventas
783,Mario Sports Mix,Wii,2010,Sports,Nintendo,0.9,0.45,0.63,0.13,2.11,Existo de ventas
805,Mario Party 5,GC,2003,Misc,Nintendo,0.97,0.33,0.73,0.06,2.08,Existo de ventas
818,Pokemon Mystery Dungeon: Red/Blue Rescue Team,GBA,2005,Role-Playing,Nintendo,0.71,0.52,0.74,0.08,2.06,Existo de ventas
822,Mario & Luigi: Dream Team,3DS,2013,Role-Playing,Nintendo,0.89,0.57,0.46,0.13,2.06,Existo de ventas
826,Pokémon Mystery Dungeon: Blue Rescue Team,DS,2005,Role-Playing,Nintendo,1.16,0.06,0.83,0.0,2.05,Existo de ventas
836,Donkey Kong Country,GBA,2003,Platform,Nintendo,1.2,0.48,0.29,0.07,2.04,Existo de ventas
839,1080°: TenEighty Snowboarding,N64,1998,Sports,Nintendo,1.25,0.61,0.13,0.05,2.03,Existo de ventas
849,Fire Emblem: Awakening,3DS,2012,Role-Playing,Nintendo,0.89,0.45,0.53,0.13,2.0,Existo de ventas
851,Super Street Fighter II,SNES,1993,Fighting,Nintendo,0.52,0.16,1.29,0.03,2.0,Existo de ventas
854,Tennis,GB,1989,Sports,Nintendo,0.75,0.3,0.9,0.04,1.99,Existo de ventas
857,SimCity,SNES,1991,Simulation,Nintendo,0.93,0.27,0.75,0.04,1.98,Existo de ventas
869,Rad Racer,NES,1986,Racing,Nintendo,1.13,0.37,0.41,0.05,1.96,Existo de ventas
870,Soccer,NES,1985,Sports,Nintendo,0.18,0.23,1.53,0.02,1.96,Existo de ventas
871,Kirby Squeak Squad,DS,2006,Platform,Nintendo,0.79,0.03,1.05,0.08,1.96,Existo de ventas
882,Alleyway,GB,1989,Puzzle,Nintendo,0.96,0.38,0.55,0.05,1.94,Existo de ventas
891,Tetris DX,GB,1998,Puzzle,Nintendo,1.06,0.6,0.2,0.07,1.93,Existo de ventas
894,Mario Super Sluggers,Wii,2008,Sports,Nintendo,1.51,0.0,0.29,0.12,1.93,Existo de ventas
896,The Legend of Zelda: Oracle of Ages,GB,2001,Action,Nintendo,0.92,0.53,0.41,0.06,1.92,Existo de ventas
904,Mario Party 3,N64,2000,Misc,Nintendo,0.72,0.16,1.01,0.02,1.91,Existo de ventas
913,Yokai Watch,3DS,2013,Role-Playing,Nintendo,0.21,0.3,1.33,0.04,1.89,Existo de ventas
921,Star Fox Adventures,GC,2002,Adventure,Nintendo,0.96,0.53,0.3,0.09,1.87,Existo de ventas
924,Donkey Kong Country Returns,3DS,2013,Platform,Nintendo,0.73,0.62,0.4,0.12,1.87,Existo de ventas
925,The Legend of Zelda: Oracle of Seasons,GB,2001,Adventure,Nintendo,0.87,0.52,0.41,0.06,1.86,Existo de ventas
936,Mario Party: Island Tour,3DS,2013,Misc,Nintendo,0.61,0.59,0.55,0.11,1.85,Existo de ventas
940,Pinball,NES,1984,Action,Nintendo,0.8,0.19,0.83,0.03,1.85,Existo de ventas
945,"Hey You, Pikachu!",N64,1998,Simulation,Nintendo,0.83,0.06,0.93,0.0,1.83,Existo de ventas
953,Kirby: Triple Deluxe,3DS,2014,Platform,Nintendo,0.61,0.34,0.79,0.09,1.82,Existo de ventas
957,Metroid Prime 3: Corruption,Wii,2007,Shooter,Nintendo,0.91,0.74,0.07,0.09,1.82,Existo de ventas
958,Dragon Quest VI: Realms of Revelation,DS,2010,Role-Playing,Nintendo,0.22,0.21,1.35,0.03,1.81,Existo de ventas
977,Professor Layton and the Mask of Miracle,3DS,2011,Puzzle,Nintendo,0.32,0.95,0.36,0.14,1.78,Existo de ventas
980,The Legend of Zelda: The Wind Waker,WiiU,2013,Action,Nintendo,0.93,0.57,0.14,0.13,1.77,Existo de ventas
983,Wii Party U,WiiU,2013,Misc,Nintendo,0.31,0.54,0.84,0.08,1.77,Existo de ventas
986,Kirby 64: The Crystal Shards,N64,2000,Platform,Nintendo,0.63,0.06,1.03,0.04,1.77,Existo de ventas
989,Metroid II: Return of Samus,GB,1991,Adventure,Nintendo,0.85,0.31,0.56,0.04,1.76,Existo de ventas
992,Golden Sun,GBA,2001,Role-Playing,Nintendo,0.93,0.38,0.4,0.06,1.76,Existo de ventas
994,Kid Icarus,NES,1986,Platform,Nintendo,0.53,0.12,1.09,0.02,1.76,Existo de ventas
1010,Yoshi,NES,1991,Puzzle,Nintendo,0.7,0.13,0.91,0.01,1.75,Existo de ventas
1012,Kirby's Adventure,NES,1993,Platform,Nintendo,0.79,0.14,0.8,0.02,1.75,Existo de ventas
1022,Cruis'n USA,N64,1996,Racing,Nintendo,1.69,0.04,0.0,0.01,1.74,Existo de ventas
1048,Kanshuu Nippon Joushikiryoku Kentei Kyoukai: Imasara Hito ni wa Kikenai Otona no Joushikiryoku Training DS,DS,2006,Misc,Nintendo,0.0,0.0,1.71,0.0,1.71,Existo de ventas
1054,Personal Trainer: Math,DS,2007,Puzzle,Nintendo,0.49,1.12,0.0,0.09,1.7,Existo de ventas
1055,Kirby's Return to Dreamland,Wii,2011,Platform,Nintendo,0.62,0.21,0.79,0.08,1.7,Existo de ventas
1078,Yoshi's Cookie,GB,1992,Puzzle,Nintendo,0.59,0.24,0.82,0.03,1.68,Existo de ventas
1083,Metroid Fusion,GBA,2002,Action,Nintendo,1.18,0.27,0.17,0.06,1.68,Existo de ventas
1109,Mario Party 6,GC,2004,Misc,Nintendo,0.9,0.11,0.6,0.05,1.65,Existo de ventas
1110,Super Scope 6,SNES,1991,Shooter,Nintendo,1.06,0.38,0.15,0.05,1.65,Existo de ventas
1115,Kirby & the Amazing Mirror,GBA,2004,Platform,Nintendo,0.8,0.05,0.76,0.03,1.64,Existo de ventas
1127,Pikmin,GC,2001,Strategy,Nintendo,0.78,0.25,0.56,0.04,1.63,Existo de ventas
1138,Mario Hoops 3 on 3,DS,2006,Sports,Nintendo,0.99,0.04,0.49,0.1,1.62,Existo de ventas
1139,Kirby Air Ride,GC,2003,Racing,Nintendo,1.01,0.11,0.45,0.04,1.62,Existo de ventas
1141,Pokemon Battle Revolution,Wii,2006,Role-Playing,Nintendo,0.8,0.38,0.3,0.13,1.61,Existo de ventas
1144,Baseball,GB,1989,Sports,Nintendo,0.66,0.27,0.65,0.03,1.61,Existo de ventas
1146,Super Mario Strikers,GC,2005,Sports,Nintendo,0.98,0.38,0.2,0.04,1.61,Existo de ventas
1162,The Legend of Zelda: Twilight Princess,GC,2006,Action,Nintendo,1.15,0.36,0.04,0.04,1.59,Existo de ventas
1180,Pokemon Mystery Dungeon: Explorers of Sky,DS,2009,Role-Playing,Nintendo,0.58,0.44,0.44,0.12,1.58,Existo de ventas
1185,Mario Party 7,GC,2005,Misc,Nintendo,0.95,0.11,0.46,0.04,1.57,Existo de ventas
1189,Donkey Kong Classics,NES,1988,Platform,Nintendo,0.59,0.14,0.81,0.02,1.56,Existo de ventas
1194,Pokemon Pinball: Ruby & Sapphire,GBA,2003,Misc,Nintendo,0.68,0.38,0.44,0.05,1.56,Existo de ventas
1209,Mario Party 10,WiiU,2015,Misc,Nintendo,0.69,0.5,0.24,0.11,1.55,Existo de ventas
1212,Fire Emblem Fates,3DS,2015,Role-Playing,Nintendo,0.71,0.22,0.52,0.1,1.54,Existo de ventas
1227,Mario Golf: Toadstool Tour,GC,2003,Sports,Nintendo,1.09,0.15,0.25,0.04,1.53,Existo de ventas
1229,Donkey Kong Country: Tropical Freeze,WiiU,2014,Platform,Nintendo,0.73,0.52,0.15,0.12,1.52,Existo de ventas
1235,F1 Race,NES,1984,Racing,Nintendo,0.0,0.0,1.52,0.0,1.52,Existo de ventas
1262,Ice Climber,NES,1985,Platform,Nintendo,0.46,0.1,0.92,0.02,1.5,Existo de ventas
1269,Final Fantasy: Crystal Chronicles,GC,2003,Role-Playing,Nintendo,0.72,0.38,0.36,0.04,1.49,Existo de ventas
1273,Banjo-Tooie,N64,2000,Platform,Nintendo,0.82,0.36,0.25,0.06,1.49,Existo de ventas
1277,New Play Control! Mario Power Tennis,Wii,2009,Sports,Nintendo,0.37,0.69,0.28,0.14,1.48,Existo de ventas
1280,Nintendo World Cup,NES,1990,Sports,Nintendo,0.28,0.5,0.65,0.05,1.48,Existo de ventas
1282,Wario Land II,GB,1997,Platform,Nintendo,0.7,0.35,0.39,0.04,1.48,Existo de ventas
1290,Mario Golf,N64,1999,Action,Nintendo,0.62,0.18,0.65,0.02,1.47,Existo de ventas
1310,Mario Superstar Baseball,GC,2005,Sports,Nintendo,0.93,0.24,0.25,0.04,1.46,Existo de ventas
1316,LEGO City Undercover,3DS,2013,Platform,Nintendo,0.51,0.75,0.07,0.12,1.46,Existo de ventas
1326,4 Nin uchi Mahjong,NES,1984,Misc,Nintendo,0.0,0.0,1.45,0.0,1.45,Existo de ventas
1338,Kirby Super Star,SNES,1996,Platform,Nintendo,0.26,0.07,1.09,0.02,1.44,Existo de ventas
1353,Classic NES Series: Super Mario Bros.,GBA,2004,Platform,Nintendo,0.0,0.0,1.39,0.03,1.43,Existo de ventas
1359,The Legend of Zelda: The Minish Cap,GBA,2004,Action,Nintendo,0.89,0.22,0.22,0.1,1.42,Existo de ventas
1362,Super Metroid,SNES,1994,Action,Nintendo,0.57,0.12,0.71,0.02,1.42,Existo de ventas
1366,Inazuma Eleven 2,DS,2009,Role-Playing,Nintendo,0.0,0.21,1.18,0.03,1.42,Existo de ventas
1376,Metroid: Other M,Wii,2010,Action,Nintendo,0.87,0.31,0.13,0.1,1.41,Existo de ventas
1403,Paper Mario,N64,2000,Role-Playing,Nintendo,0.58,0.18,0.59,0.02,1.38,Existo de ventas
1404,Bravely Default: Flying Fairy,3DS,2012,Role-Playing,Nintendo,0.5,0.32,0.49,0.07,1.38,Existo de ventas
1423,Pocket Monsters Stadium,N64,1998,Strategy,Nintendo,0.0,0.0,1.37,0.0,1.37,Existo de ventas
1432,Yoshi's New Island,3DS,2014,Platform,Nintendo,0.47,0.51,0.28,0.09,1.36,Existo de ventas
1458,Mario & Luigi: Partners in Time,DS,2005,Role-Playing,Nintendo,0.77,0.07,0.43,0.08,1.34,Existo de ventas
1462,Donkey Kong Jungle Beat,GC,2004,Platform,Nintendo,0.84,0.22,0.24,0.04,1.34,Existo de ventas
1478,Metroid Prime 2: Echoes,GC,2004,Shooter,Nintendo,0.87,0.35,0.07,0.04,1.33,Existo de ventas
1483,Pokemon Ranger: Guardian Signs,DS,2010,Role-Playing,Nintendo,0.51,0.17,0.58,0.06,1.33,Existo de ventas
1492,Gyromite,NES,1985,Puzzle,Nintendo,0.73,0.16,0.4,0.03,1.32,Existo de ventas
1528,Yoshi's Woolly World,WiiU,2015,Platform,Nintendo,0.61,0.47,0.11,0.1,1.29,Existo de ventas
1537,Mystery Case Files: MillionHeir,DS,2008,Adventure,Nintendo,0.76,0.4,0.0,0.12,1.29,Existo de ventas
1544,Yakuman,GB,1989,Misc,Nintendo,0.0,0.0,1.28,0.0,1.28,Existo de ventas
1550,Kid Icarus: Uprising,3DS,2012,Action,Nintendo,0.48,0.35,0.36,0.07,1.28,Existo de ventas
1557,Pokemon Mystery Dungeon: Gates to Infinity,3DS,2012,Role-Playing,Nintendo,0.44,0.3,0.47,0.06,1.27,Existo de ventas
1562,Hogan's Alley,NES,1984,Shooter,Nintendo,0.68,0.16,0.41,0.02,1.27,Existo de ventas
1576,Hyrule Warriors,WiiU,2014,Action,Nintendo,0.61,0.42,0.13,0.1,1.26,Existo de ventas
1593,Pokemon XD: Gale of Darkness,GC,2005,Role-Playing,Nintendo,0.71,0.19,0.31,0.03,1.25,Existo de ventas
1603,Diddy Kong Racing DS,DS,2007,Racing,Nintendo,1.1,0.04,0.0,0.1,1.24,Existo de ventas
1610,Tetris 2 (All region sales),GB,1992,Puzzle,Nintendo,0.56,0.22,0.43,0.03,1.24,Existo de ventas
1622,Kirby Tilt 'n' Tumble,GB,2000,Puzzle,Nintendo,0.29,0.17,0.75,0.02,1.23,Existo de ventas
1626,Donkey Kong Country 2,GBA,2004,Platform,Nintendo,0.79,0.27,0.12,0.04,1.23,Existo de ventas
1628,"WarioWare, Inc.: Mega MicroGame$",GBA,2003,Puzzle,Nintendo,0.4,0.11,0.7,0.02,1.23,Existo de ventas
1636,Mario Power Tennis,GC,2004,Sports,Nintendo,0.58,0.16,0.46,0.03,1.22,Existo de ventas
1638,Game & Watch Gallery 2,GB,1997,Misc,Nintendo,0.76,0.3,0.12,0.04,1.22,Existo de ventas
1639,Game & Watch Gallery 3,GB,1999,Misc,Nintendo,0.79,0.31,0.08,0.04,1.22,Existo de ventas
1646,Golden Sun: The Lost Age,GBA,2002,Role-Playing,Nintendo,0.61,0.27,0.27,0.07,1.22,Existo de ventas
1671,Pikmin 2,GC,2004,Strategy,Nintendo,0.48,0.13,0.56,0.03,1.2,Existo de ventas
1680,SolarStriker,GB,1989,Shooter,Nintendo,0.4,0.39,0.36,0.04,1.2,Existo de ventas
1683,Mario vs. Donkey Kong 2: March of the Minis,DS,2006,Puzzle,Nintendo,0.74,0.03,0.36,0.07,1.2,Existo de ventas
1684,PokéPark Wii: Pikachu's Adventure,Wii,2009,Adventure,Nintendo,0.55,0.17,0.42,0.06,1.2,Existo de ventas
1689,Captain Toad: Treasure Tracker,WiiU,2014,Puzzle,Nintendo,0.56,0.36,0.19,0.09,1.19,Existo de ventas
1696,Kobe Bryant in NBA Courtside,N64,1998,Sports,Nintendo,1.02,0.13,0.04,0.01,1.19,Existo de ventas
1702,Final Fantasy I & II: Dawn of Souls,GBA,2004,Role-Playing,Nintendo,0.64,0.24,0.29,0.02,1.19,Existo de ventas
1704,Pokemon Super Mystery Dungeon,3DS,2015,Role-Playing,Nintendo,0.46,0.31,0.33,0.08,1.19,Existo de ventas
1712,Mario Tennis,GB,2000,Sports,Nintendo,0.5,0.18,0.44,0.06,1.18,Existo de ventas
1725,Wario Land: Shake It!,Wii,2008,Platform,Nintendo,0.6,0.31,0.15,0.11,1.17,Existo de ventas
1740,Mario vs. Donkey Kong,GBA,2004,Puzzle,Nintendo,0.68,0.25,0.21,0.02,1.17,Existo de ventas
1752,Jet Force Gemini,N64,1999,Shooter,Nintendo,0.78,0.28,0.07,0.02,1.16,Existo de ventas
1772,Qix,GB,1990,Puzzle,Nintendo,0.51,0.2,0.41,0.03,1.15,Existo de ventas
1777,Donkey Konga,GC,2003,Misc,Nintendo,0.5,0.16,0.46,0.03,1.15,Existo de ventas
1783,Pokemon Rumble Blast,3DS,2011,Action,Nintendo,0.47,0.26,0.35,0.07,1.14,Existo de ventas
1794,Pilotwings,SNES,1990,Simulation,Nintendo,0.46,0.17,0.48,0.02,1.14,Existo de ventas
1796,Super R.C. Pro-Am,GB,1991,Racing,Nintendo,0.58,0.37,0.15,0.04,1.14,Existo de ventas
1808,Fantasy Life,3DS,2012,Role-Playing,Nintendo,0.33,0.37,0.37,0.06,1.13,Existo de ventas
1811,Donkey Kong,NES,1983,Platform,Nintendo,0.23,0.05,0.84,0.01,1.13,Existo de ventas
1816,Pokémon Mystery Dungeon: Red Rescue Team (US weekly sales),GBA,2005,Role-Playing,Nintendo,0.81,0.3,0.0,0.02,1.13,Existo de ventas
1821,Pilotwings 64,N64,1996,Simulation,Nintendo,0.56,0.24,0.3,0.02,1.12,Existo de ventas
1829,Yoshi's Cookie,NES,1992,Puzzle,Nintendo,0.41,0.06,0.63,0.02,1.12,Existo de ventas
1841,Donkey Kong Jr.,NES,1983,Platform,Nintendo,0.33,0.07,0.7,0.01,1.11,Existo de ventas
1845,Pikmin 3,WiiU,2013,Strategy,Nintendo,0.45,0.31,0.29,0.06,1.11,Existo de ventas
1852,The Legend of Zelda: Tri Force Heroes,3DS,2015,Action,Nintendo,0.52,0.33,0.17,0.08,1.1,Existo de ventas
1862,F-Zero X,N64,1998,Racing,Nintendo,0.45,0.33,0.29,0.03,1.1,Existo de ventas
1863,Popeye,NES,1983,Platform,Nintendo,0.51,0.12,0.45,0.02,1.1,Existo de ventas
1868,Tales of Symphonia,GC,2003,Role-Playing,Nintendo,0.54,0.21,0.31,0.04,1.1,Existo de ventas
1892,Endless Ocean,Wii,2007,Adventure,Nintendo,0.44,0.47,0.09,0.09,1.09,Existo de ventas
1911,LEGO City Undercover,WiiU,2013,Platform,Nintendo,0.47,0.4,0.13,0.08,1.08,Existo de ventas
1916,Star Fox: Assault,GC,2005,Shooter,Nintendo,0.68,0.18,0.19,0.03,1.08,Existo de ventas
1929,Super Princess Peach,DS,2005,Platform,Nintendo,0.72,0.06,0.21,0.07,1.07,Existo de ventas
1988,Pokemon Conquest,DS,2012,Role-Playing,Nintendo,0.58,0.06,0.37,0.04,1.05,Existo de ventas
1999,Naruto: Clash of Ninja 2,GC,2003,Fighting,Nintendo,0.44,0.12,0.45,0.03,1.04,Existo de ventas
2002,F-Zero: Maximum Velocity,GBA,2001,Racing,Nintendo,0.39,0.16,0.37,0.12,1.04,Existo de ventas
2008,Kirby: Mass Attack,DS,2011,Platform,Nintendo,0.52,0.06,0.41,0.05,1.04,Existo de ventas
2021,Donkey Kong Land III,GB,2007,Platform,Nintendo,0.68,0.31,0.0,0.04,1.03,Existo de ventas
2043,Bayonetta 2,WiiU,2014,Action,Nintendo,0.34,0.28,0.1,0.3,1.01,Existo de ventas
